author_username,created_at,impression_count,like_count,reply_count,retweet_count,text
ptr_dvd,1694019874,9599,408,31,34,"דברים חשובים מפי ראש הרשות המחוקקת.
מציע לכם לצפות בדברים המלאים ולא להסתפק בכותרות ובמיסגור שבוחרים עבורכם אחרים."
ptr_dvd,1692897560,7728,71,20,2,"מוסרית מדובר במעשה מתועב ושפל.
אך יש קשיים תאורטיים לא מבוטלים ביישום הפללה של שקרים שקודמים ליחסי מין.
קו הגבול בין מעשה פלילי ללא פלילי כלל לא ניתן לשירטוט ויש אינדיקציות ליישום בפועל בעיקר במקרים של גברים בני מיעוטים ואוכלוסיות שוליים שמתחזים לשכבות הגבוהות.
ראוי לדיון ציבורי."
ptr_dvd,1696577301,102849,813,68,64,"החולשה שמקרינה מדינת ישראל בתחומי הביטחון וביטחון הפנים מזכירה לי ילד שמשחק שחמט.
הוא מספר לעצמו שאובדן הרץ, הצריח והפרש זו הקרבה (""גמביט"") כי יש לו מהלך על מה שחשוב באמת.
רק שמהר מאוד מסתבר שלא עסקינן בבובי פישר ולא במיכאיל טל אלא בילד רגיל שנשאר בלי כלים.
יקיץ הרי הקץ על האשליה שסעודיה, המב""מ ואיראן, חשובים ככל שיהיו - הם הצדקה להפקרות שמתחוללת כאן.
וקצה של אשליה זה תמיד אירוע מכוער."
ptr_dvd,1693244025,3960,143,11,10,"זה המקום להזכיר שיש לפורוש רקורד עשיר מאוד של ביקורים אצל ברלנד לאחר שנעצר ואף לאחר שהורשע וקידום אינטרסים שלו כמו מאבק על מקומו בל""ג בעומר במירון.
חרפה מוסרית איומה. קלון גדול.
אין בי אלא בוז לחברי הקואליציה שלא אומרים מילה על התופעות הללו. https://t.co/wTKIAYKw4k"
ptr_dvd,1695879137,91013,1476,64,51,"זה לא סתם סטנד-אפ, זו אומנות.
גאון. https://t.co/MLmFcgbG1F"
ptr_dvd,1694619620,18911,351,58,24,"אין יום שאני לא אומר תודה על כך שנפל בחלקי לעבוד לצד אנשים כל כך נפלאים.
שנה טובה."
ptr_dvd,1694538331,75537,1402,471,168,"אני אזרח ישראל.
אני לא רוצה שופט שזו תפיסתו בתור נשיא בית המשפט העליון במדינתי.
מה בכוחי לעשות כדי להשפיע בעניין? https://t.co/GnxnsimUi8"
ptr_dvd,1694442875,20229,245,29,53,"להלן קטע מתוך דברי ההסבר להצעת חוק יסוד בתי המשפט.
הצעת החוק הזו לבסוף נחקקה בפברואר 1984 כחוק יסוד השפיטה.
סעיף 15(ג) העניק לביהמ""ש סמכות להעניק סעדים על פי דין אם אין בחקיקה סמכות עניינית לערכאה אחרת, או אף במקביל לערכאה אחרת אם יש הצדקה לכך. זה הכל.
הכנסת אמרה במפורש שאם תרצה להעניק לבית המשפט סמכויות חוקתיות היא תעשה זאת בבירור בחוק יסוד עתידי.
לא בכדי פסק דין בנק המזרחי לא נתלה בסעיף הזה. כי זה פשוט שגוי.
כיום בתקשורת, לדוג' @sefiova, אומרים שס' 15(ג) מקנה אפילו סמכות על-חוקתית אל מעבר לחוק יסוד השפיטה ואל מעבר לחוקי היסוד עצמם.
זו פשוט טעות.
זה מביך שיש אפילו עותרים שטוענים את זה בפני בית המשפט בבג""ץ הסבירות.
אפשר להסכים שנקיים את הדיון בתוך גבולות ההגיון, המשפט והאמת?"
ptr_dvd,1693396792,32245,961,60,135,"אין שום משמעות למאמר של אהרן ברק שמנסה לבסס מקורות ראשוניים חדשים לשיטת המשפט בישראל.
בדמוקרטיה יש 3 מקורות לנורמות משפטיות:
א. הפרלמנט - בחקיקה.
ב. הממשלה - בתקנות.
ג. בית המשפט - בפסיקה.
אנחנו לא בישיבת מקובלים ונשיא ביהמ""ש העליון בדימוס אהרן ברק לא כותב סודות על קלף."
ptr_dvd,1696341730,23664,553,51,12,"טוב מסתבר שביני אשכנזי חסם אותי על התגובה הזו.
🤷‍♂️"
ptr_dvd,1693981913,16559,376,22,48,"תמיד כדאי להזכיר שהש' קרא בדעת מיעוט סבר שצריך לבטל את חוק הלאום כי הזכות להגדרה עצמית לאומית של היהודים בישראל, השפה העברית וההתיישבות היהודית  ""שוללים את ליבת הזהות הדמוקרטית של המדינה ומזעזעים את אמות הסיפים של המבנה החוקתי"".
כלומר הקונצנזוס הכי רחב של המפעל הציוני הצדיק בעיני הש' קרא לשבור את כל שיטת המשטר הדמוקרטית ולבטל חוק יסוד.
ומה לדעתכם יקרה אם אבי מעוז, לדוג', יהיה שופט והוא יכריע מה פוגע ביהדותה של המדינה?
אתם מבינים שהכרעתו תיגבר על כל חקיקה?
חברים, הלכנו לאיבוד.
בבקשה מכם, בואו נשוב לכנסת.
זה מאלץ את כל קצוות החברה להתיישב ולמצוא מכנה משותף. ואם אחרי זמן מה לא מרוצים, אז משנים.
אבל כולם חלק מהמעגל.
הכנסת היא ארוחה גדולה שבה יושבים השכנים הערבים, העולים החדשים מצרפת, הדודה שהתגרשה ועכשיו היא לסבית שמפעילה בית תמחוי, האחיין שהתחרד והוא יושב עם הסבא ללמוד, הגרוש החמוד שעדיין מגיע והוא מח""ט בבקעה והגיס שפתח סדנאות להעמקת הקשר אדם-כלב בעין גדי.
כן וגם יש את הבלתי נסבלים וזה מצוין, זה חלק מהאווירה.
זה נהדר.
הש' פוגלמן לבד, הש' קרא לבד או הש' העתידי אבי מעוז לבדם זה אסון.
תנו לחירות הפוליטית לפרוח.
כבשן הפשרות הזה מייצר את התוצאה שרוב האנשים רוב הזמן חיים איתה בשלום.
הרוב משתנה, הזמן משתנה וגם ההחלטה משתנה.
יחי הפרלמנטריזם.
תחי הכנסת."
ptr_dvd,1695979884,27155,607,89,69,"שימו לב להחלטת השופט אלטוביה בעתירת ראש יהודי נגד עיריית תל אביב שהחליטה לשלול את ההיתרים שלהם לאירועי סוכות ושמחת תורה.
החוק החדש הגביל את סמכות ביהמ""ש מלדון בסבירות החלטות של שרים ומליאת הממשלה בלבד.
איך זה קשור בכלל לעתירה נגד החלטה של עיריית ת""א?
זה לא קשור.
תמוה ביותר. https://t.co/kC9y28teNU"
ptr_dvd,1695979884,27153,607,89,70,"שימו לב להחלטת השופט אלטוביה בעתירת ראש יהודי נגד עיריית תל אביב שהחליטה לשלול את ההיתרים שלהם לאירועי סוכות ושמחת תורה.
החוק החדש הגביל את סמכות ביהמ""ש מלדון בסבירות החלטות של שרים ומליאת הממשלה בלבד.
איך זה קשור בכלל לעתירה נגד החלטה של עיריית ת""א?
זה לא קשור.
תמוה ביותר. https://t.co/kC9y28teNU"
ptr_dvd,1691870581,32619,404,52,40,"חברים, במקום לקרוא עוד ועוד כתבות שמוסגרו לכם על ידי יועצי התקשורת של המחאה בואו, ברשותכם, ננסה לעלות רמה.
להלן התרחישים המציאותיים מהם צריך להיזהר:
א. ביהמ""ש לא יפסול את התיקון לחוק יסוד השפיטה שנוגע לסבירות.
ב. ממילא אין לממשלה מה ""לציית"" כי התיקון נוגע לסמכויות ביהמ""ש. כל השיח הלא רציני הזה הונדס ע""י יועצי תקשורת מסיבות מובנות.
ג. מהפכה חוקתית שנייה, שידור חוזר של פס""ד בנק המזרחי. הכרזה על סמכות ביהמ""ש לפסול כל הסדר עתידי בנוגע לבחירת שופטים. וזאת מבלי לפסול את החוק שנידון.
ד. התוצאה: לא יהיה ניתן לתקן את כללי המשחק השבורים שלנו בלי הסכמת ביהמ""ש העליון. יווצר מה שאני מכנה ""שיטת הצוללת"". צריך 2 מפתחות כדי לפעול. כל צעד ידרוש הסכמה פוליטית והסכמה של ביהמ""ש העליון. במובן החוקתי הגבוה יהיה זה מעין ""ממשלה פריטטית"" של הפרלמנט וביהמ""ש. או אם תרצו ""בית עליון"" לא נבחר.
במובנים דמוקרטיים תהיה זו פרווסיה שקשה לנסח את הדרך ממנה חזרה.
וכל זה יתרחש תחת מטריית ידיעות תקשורתיות על כך שביהמ""ש ""הכשיר את חוק יסוד הסבירות"" וכמה בג""ץ אחראי ומרוסן שהוא לא פסל את החוק.
ה. GAME OVER."
ptr_dvd,1695838012,3776,64,10,0,"נדמה לי שכבוד השר על אוטומט מהניינטיז.
איזה נשק ""חילקו ונתנו כאן"" לארגוני הפשיעה במגזר הערבי?"
ptr_dvd,1696602275,17101,126,9,5,"@aviadglickman @Nehemia_GA @rothmar ראה דבריו של הנשיא המנוח לנדוי (אותם הביא גם סולברג במאמרו המפורסם).
מצרף גם קטע מספרה של פרופ' מרגית כהן על דבריו של הש' ברנזון.
מניח שלא קראת לא את זה ולא את זה. אז סוף השבוע זו הזדמנות ללמוד ולהשכיל.
אגב הלעג הקבוע שאתה מבטא כלפי הזולת לא מחמיא לך אביעד. https://t.co/SsNmRaFTYJ"
ptr_dvd,1696501323,7684,246,31,26,"תעברו היטב על מי שחתום על המודעה הזו.
הם רוצים משפט וצדק או שהם רוצים תוצאה מסוימת?
הכל גלוי, רק צריך להתבונן. https://t.co/ngwiJ33AkA"
ptr_dvd,1696493739,12638,551,43,48,"חייבים להבין - 
בדמוקרטיה פרלמנטרית לפעמים תהיה פגיעה בזכויות לאחר דיון והסכמה חברתית על כך שהפגיעה מוצדקת. ואת ההחלטה ניתן לשנות בקלות רבה אם לא אוהבים את התוצאה.
אך במדינה בה עולם המשפט הוא מבצר של אופוזיציה פוליטית פשוט אין זכויות. נקודה. https://t.co/oYTYFEg3tx"
ptr_dvd,1696416587,2613,35,5,0,"אפרופו נצרות איך אפשר לא להיזכר ביצירת המופת ""צניעות"" של אנטוניו קורדיני (1688-1752).
כישוף בשיש. https://t.co/yRu8hdiiFD"
ptr_dvd,1696349117,7532,81,22,2,אין הרבה פשעים בקנה מידה של הפשע שזו הכריכה של התרגום העברי למרקוס אורליוס https://t.co/ysM5gUiaBj
ptr_dvd,1696340570,2394,302,3,5,@LOdinaev @BiniAshcknasy זו? https://t.co/LHK1RotVbZ
ptr_dvd,1696152086,10254,155,11,15,"אני מצייץ מתוך מצודה שנבנתה תחת שלטונו של יוסטיניאנוס הקיסר הביזנטי במאה השישית.
מעניין לציין שיוסטיניאנוס הורה על רפורמה משפטית מקיפה.
במקום אינספור חוקים רומיים משובשים, פסיקות סותרות , טעויות ומנהגים כאוטיים -  יוסטיניאנוס הורה על חיבור קודקס חקיקה פומבי, עקבי ואחיד.
חוק צריך להיות מכוח הריבונות המקובלת באותה עת, אחיד, כללי, פומבי ועקבי.
כעת נסו להרהר כמה מהסוגיות שמסעירות את החברה הישראלית (ביקורת שיפוטית על חוקי יסוד, נבצרות, סבירות, סמכויות יועמש, הפרדה מגדרית ועוד) מוסדרות על ידי נורמות שעונות לקריטריונים הללו.
הקודקס שיצר יוסטיניאנוס (ה'קורפוס יוריס קיביליס') שלט נורמטיבית במרחב קרוב למילניום.
מעבר לפגיעה בחירות האזרחית שלנו האקטיביזם השיפוטי והייעוצי יוצרים מרחב חברתי-נורמטיבי לא יציב.
זו בעיה קשה.
וכעת אתפנה לחלק דוריטוס לילדים במבצר.
מועדים לשמחה."
ptr_dvd,1695972636,4661,145,7,17,זה ממש נכון 👇👇👇 https://t.co/YLfXFywsFZ
ptr_dvd,1695912845,5214,170,12,16,"צפו!
לקט מהערותיי על בג""ץ הנבצרות הבוקר ב@kann_news.
בנוסף - צפו! https://t.co/1mV4yIWDuY"
ptr_dvd,1695830701,3415,94,1,0,@Bar_ShemUr הם ידעו מראש אחי אומר לך אחי בדוק אחי https://t.co/q3qkRcPRN3
ptr_dvd,1695799401,74,1,0,0,"@shtoren @YBenshemesh אחד מפסקי הדין החשובים בסוגיית השפיטות. היום היא נתפסת כ""מיושנת"".
ראה התייחסות לכך מתוך תגובת רהמ לעתירות: https://t.co/Xq7XwmUetd"
ptr_dvd,1695536708,5608,105,8,5,"כותרת המאמר: ""פרשנות מעצימה דמוקרטיה"".
למה הכוונה כאן במילה 'דמוקרטיה'?
למה הכוונה כאן במילה 'פרשנות'?
ומה בעצם מועצם כאן?
נקודות למחשבה. https://t.co/HE3nOvT7x6"
ptr_dvd,1695315132,3194,30,3,0,"א. למדתי משהו חדש! לא ידעתי מה זה בוכנה הולנדית. הנה תמיד ידעתי שזה לא בזבוז זמן להיות פה. ידע זה כוח!
ב. מדהים איך שיח ענייני מוציא את הרדיקלים מדעתם.
ג. חיים בסרט. @ShimonNataf לא הטעם שלי. היה מת. https://t.co/uh5fkCg5Mi"
ptr_dvd,1695228838,10149,227,19,16,"אני משפשף את העיניים בתדהמה.
משנה לפרקליט המדינה לשעבר(!) לא מבין מדוע יש בעיה ביצירת תמריץ להפרות חוק מצד אנשי אכיפת החוק.
השיקול היחיד בעיניו הוא ""חקר האמת"".
לא פחות ממפחיד.
מזכיר לי את הדברים הנוקבים שכתב הש' אלרון אל מול הש' עמית בפס""ד אוריך ובבן-אוליאל.
מצ""ב - המלצת קריאה. https://t.co/vT3d7zQV9d"
ptr_dvd,1695190937,545,11,2,0,@considerthefish 🤡 https://t.co/rZrtISHINd
ptr_dvd,1695154549,23164,752,110,67,"מפגינים בתל-אביב רודפים אחרי מנכ""ל ""ראש יהודי"" ישראל זעירא. https://t.co/vK8CSKG5VX"
ptr_dvd,1695146888,2323,85,6,3,"@NWeinryb @orcarmi מומלץ לקרוא בעצמך במקום לקרוא לעזרה מחנאית מצד יוזר אנונימי שכבר שיקר בעבר שוב ושוב ביחס לפסק הדין הזה ממש.
https://t.co/Drftd9l29H
https://t.co/CZjwOxGcIB https://t.co/ISfOutCiig"
ptr_dvd,1695021929,15492,467,20,60,"אפשר ללמוד הכל מהתבוננות בסמלים.
""פורום המרצים למשפטים למען הדמוקרטיה"" פרסם ברכת שנה טובה.
שימו לב שהמוטו הצרפתי המפורסם ""חירות, שוויון ואחווה"" עבר שינוי קל.
החירות הוסרה.
וללוגו המאזניים התווסף אגרוף.
הכל מתחיל בשאלה האם מאמינים בחירות של כל אחד מאזרחי ישראל.
כל היתר נגזרות. https://t.co/6kKETaN1hl"
ptr_dvd,1694778750,9308,379,18,53,"אתמול בכאן11 דיברתי כמה מילים על הפגם שנפל בסדרי הדין בעתירת כינוס הוועדה לבחירת שופטים.
טוב עשה בית המשפט שאכן תיקן זאת היום.
עם זאת צריך לומר שגם אין שום צדקה משפטית עניינית למתן צו על תנאי עוד טרם התקיים דיון בעתירה זו.
התרגלנו לכך שהדין משתנה בהתאם למצב ולפרסונות.
מדאיג מאוד. https://t.co/et2upHv0mk"
ptr_dvd,1694764027,20138,274,13,7,נא להתפלל ביום הדין על הילד הזה https://t.co/n2hNPnBJi8
ptr_dvd,1694726286,9094,320,30,38,"אם תצפו ב-4 דק' שנחתכו מתוך התוכנית הנהדרת של @kerenu9 ב@kann_news תקבלו:
א. עימות עם מר יאיא פינק.
ב. התייחסות לכמה מהאירועים על סדר היום.
ג. הפתעה מיוחדת! אשת השנה שלי.
צפו! https://t.co/FrlnW23P12"
ptr_dvd,1694711069,19543,247,12,36,"שמחתי מאוד לשוחח עם @GadiTaub1 על הדיון בבג""ץ, מגילת העצמאות, ליברליזם והמצב החוקתי בישראל.
יש הרבה ערך בשיחה נינוחה ופיתוח רעיון עד הסוף. לא תמיד יש לדברים הללו פלטפורמה.
צפו!
https://t.co/0Gy5TLEpna"
ptr_dvd,1694690918,27963,661,22,130,מה מה מה? https://t.co/LSZfyLbbjn
ptr_dvd,1694624925,5003,297,25,23,כדאי להבחין שכשהם אומרים עצמאות הם מתכוונים השתחררות מהחוק https://t.co/jn05rpvzvD
ptr_dvd,1694550718,14200,269,28,42,"צפו!
כמה נק' מעניינות שעלו היום ב@N12News אצל @Ofer_Hadad: https://t.co/8g8xhStoWI"
ptr_dvd,1694526477,12539,473,50,63,צפו. זה נחמד. https://t.co/UDPdBf6nrk
ptr_dvd,1694511481,3212,218,9,5,ראו הוזהרתם https://t.co/SBcHaYHFtJ
ptr_dvd,1694464322,8787,124,3,9,ממליץ בחום לקרוא את הדברים של @AlexRif3: https://t.co/e94YkVKQRW
ptr_dvd,1694453874,1316,13,2,1,"""כל הברברת על קיומו של אלוהים, אתאיזם, דטרמיניזם, חירות, החברה האנושית, מוות וכו', אלו רק כלים על לוח השחמט שנקרא שפה.
והם מהנים רק אם אדם לא מעסיק עצמו בניצחון או הפסד"".
[מרסל  דושאן  1887-1968] https://t.co/dCfmhfvVhj"
ptr_dvd,1694451990,1962,86,5,7,"""...אין ""מקצוע"" שמכשיר לפתור בנוסחאות מהו שוויון, מיהו יהודי, או מהי מדיניות ההגירה ה""נכונה""... השיח המשפטי בהיבטים הללו אינו אלא פרגוד שחוצץ בין האזרחים לזירת קבלת החלטות"".
---
קחו כוס עם קרח מים ולימון וקראו את הטור שלי ב@MakorRishon. https://t.co/oUTXaugwGC"
ptr_dvd,1694100033,33282,662,34,144,"מה חושב על המצב כאן מי שהוא ללא ספק אחד מחשובי התאורטיקנים המשפטיים בעולם?
פרופ' ג'רמי וולדרון, המבקר הבולט ביותר של האקטיביזם החוקתי במערב, נשא דברים באוני' אוקספורד לפני כמה חודשים.
שימו לב לדבריו - מרתק ורלוונטי :
""בישראל אומרים שאי אפשר לתת לכנסת לקבל את כל ההחלטות רק משום שהיא גוף נבחר - חייבים להיות איזונים ובלמים, ולכן נחוץ בית המשפט חזק ועצמאי.
אבל לא כל מוסד חזק יכול להיחשב איזון או בלם ראוי.
היה פעם, בארץ הזאת [אנגליה], שהפרלמנט היה יכול לחוקק אבל היה זקוק לאישור בית הלורדים ואישור המלך או המלכה.
הנה לכם איזונים ובלמים – וטו עם כתרים, מצנפות ונזרים.
להבנתי ויתרתם על השיטה הזאת, מהסיבה המוצדקת שמחוץ למנגנון בית הנבחרים, כל שאר הבלמים היו אוטוקרטים או אריסטוקרטים.
לאף אחד מהם לא הייתה לגיטימציה שתבסס את הוטו. הוטו המלוכני נעלם בתחילת המאה ה-18... והפרלמנט החליט ב-1911 וב-1949 לבטל את וטו הלורדים – משום שנציגי העם לא צריכים להיכנע לסמכות האצולה.
אף אחד לא היה מקבל את הכנסייה האנגליקנית כבלם על חקיקה רגילה שלא נוגעת לכנסיה; אף אחד לא היה מקבל וטו של האקדמיה, מכובדת ככל שתהיה, או של הסתדרות העובדים או של קבוצת כדורגל.
בכל המקרים האלו, דיקלום ""איזונים ובלמים"" אינו מספיק, וזה לא מספיק גם עבור כוחם של השופטים.
הגופים הבולמים זקוקים ללגיטימציה בבסיסם, וזה מה שחסר בסמכות הלא-לגיטימית של בתי המשפט. זה קצת מוגזם לדבר על איזונים ובלמים, כאשר מדברים על בית משפט בלתי מאוזן עם זכות המילה האחרונה"".

אגב את הסופרלטיבים לוולדרון שבהם פתחתי לקחתי מפתיחת מאמר מאת פרופ' רוזנאי - מאמר שכל כולו מוקדש לבניית תזה לפיה כל הביקורת התאורטית של וולדרון על היעדר הצדקה דמוקרטית בבסיס האקטיביזם החוקתי לא רלוונטית כאן בארץ ואפילו לשיטתו חייבים לומר שהכל כאן נהדר.
האקדמאים האקטיביסטים גם נהנים להזכיר אותו בכל פעם שיש משהו שאפשר להגיד ""הנה אפילו הוא חושב כך"".
כנראה יש וולדרון ויש וולדרון מהותי."
ptr_dvd,1694082736,5078,85,11,9,"החלטתו הטרייה של הש' פוגלמן נשענת בדיוק - אבל בדיוק - על הטיעון שטענתי שהוא החזק ביותר ושהוא חסר בהחלטתה של הנשיאה חיות.
האזינו מחדש לדבריי 👇.
רוצים לקבל ניתוח משפטי על ענייני השעה?
תעקבו והמליצו מעקב לעוקביכם. https://t.co/gsOkRRG6Wb"
ptr_dvd,1693938798,1870,27,2,0,אוקיי זה מגניב https://t.co/fTAPmwU31Q
ptr_dvd,1693923994,11054,405,35,80,"שימו לב לקטע הבא - אהרן ברק מפלרטט עם הרעיון להורות לכנסת מה לחוקק.
[מתוך ""עושה הכובעים - דין ודברים עם אהרן ברק"", 2009]. https://t.co/TAPgDRSQFN"
ptr_dvd,1693911458,11493,143,8,35,"המלצת האזנה!
מדוע הנשיאה חיות לא כתבה את הטיעון החזק ביותר שלה במסגרת החלטתה לדחות את בקשת הפסלות שהגיש ח""כ רוטמן?
התפתח דיון מעניין מאוד בעיני אצל @ErelSegal &amp; @yarivop ב @radio103fm. https://t.co/twi6qW4S3H"
ptr_dvd,1693855599,5717,278,1,13,"אז מה יש לנו כאן? שקר ביודעין מטעם פורום המרצים במסגרת נייר שאמור להציג את ערוות תומכי התיקונים במערכת המשפט. יפה מאוד.
ב. פורום המרצים גם מזכיר את דבריי בוועדת החוקה על כך שבניגוד לפייק שהם האכילו כאן את הציבור לבית הדין האירופי כלל אין סמכות לבטל חקיקה בריטית.
&gt;&gt;&gt; https://t.co/kgJ2Fe3Oq2"
ptr_dvd,1693855599,6660,285,4,14,"ומה אומר המחקר? בדיוק את שאמרתי. ריפררתי בטור לפרסום של @netaelbandel על המחקר זמן קצר קודם לכן.
מה פורום המרצים לא מכיר את המחקרים החדשים?
דווקא מכיר.
פרופ' רוזנאי ושנער אפילו הגיבו בעיתונות לאותו מחקר במאמר לפנתיאון על כך שבעצם אמון הציבור בכלל לא כל כך חשוב (אשכרה!).
&gt;&gt;&gt; https://t.co/ZhKHjomrJU"
ptr_dvd,1693855598,6904,274,2,12,"א. טענתי בטור בגלובס שאמון הציבור במערכת המשפט צונח בקצב הגבוה במערב. פורום המרצים טוען שלא רק שאין לי הפניות (זה טור פובליציסטי, לא מאמר אקדמי) אלא שלמעשה אני מציף ביודעין בטענות חסרות בסיס.
אלא מה? יש מחקר מרתק של פרופ' גבעתי ועו""ד גרבר מהעברית שהתפרסם זמן קצר קודם לטור.
&gt;&gt; https://t.co/Th6o3w8HlL"
ptr_dvd,1693855598,75349,742,30,91,"טוב אתם חייבים לראות את זה.
""פורום המרצים למען הדמוקרטיה"" פרסם נייר נפלא בן 39 עמ' שמטרתו לאבחן את הטעויות, השקרים וההטעיות, כביכול, של ""דוברי ההפיכה המשטרית"".
נשמע משעמם אבל אני מבטיח לכם שזה ממש מצחיק.
תהיו איתי.
ניקח דוגמית - את ההתייחסויות אלי בנייר הזה.
&gt;&gt;&gt; https://t.co/XEUcD1sNNI"
ptr_dvd,1693852124,191,4,1,0,@hamachpitza https://t.co/YNrmfDtJW9
ptr_dvd,1693845000,2001,86,2,11,"צעד צעד - יחד נעשה סדר בדברים.
צפו בנק' המרכזיות שלי אמש במסגרת המהדורה המרכזית של @Now14Israel. https://t.co/1NRKXfuC3w"
ptr_dvd,1693814867,7782,402,24,56,"צפו!
הם לא מצליחים אפילו למצוא שם הגיוני למה שהם מנסים לעשות.
אתמול אצל @Ofer_Hadad ב@N12News. https://t.co/ENlD5djRnu"
ptr_dvd,1693751702,86,0,1,0,@hamachpitza https://t.co/Hd03VgANkT
ptr_dvd,1693684016,51642,1148,43,198,"דף המסרים הערב: האריתראים תוקפים שוטרים בגלל שהימין נסוג ממתווה האו""ם בעניין המסתננים.
תכבדו את התודעה שלכם, אל תיפלו לספין.
נפרק:
א. ב2018 במסגרת הסכם הבנות ראשוני נידונה יציאה של 16,250 מסתננים, כשעל כל מסתנן שעוזב מסתנן אחר מקבל מעמד של תושב ארעי בישראל.
ב. תרגום: מעמד ""תושב ארעי"" מוביל, בסיוע מערכת המשפט הישראלית, להתאזרחות ואיחוד משפחות.
ג. כלומר בטווח הארוך על כל אדם שעוזב אנחנו מקבלים משפחה עם מעמד.
ד. רק תחשבו על הכאוס שזה היה יוצר במלחמות הפנימיות על מי יוצא ומי נשאר.
ה.  הובטח, לכאורה, מעמד במדינות אירופיות וכך יוצרים תמריץ עזיבה אלא שמיד עם פרסום מתווה האו""ם חלק מהמדינות באירופה התכחשו להסכם ממש עוד באותו היום.
ו. הרעיון היה לפזר מסתננים שמקבלים מעמד בפריפריה (כמובן, למה לא). ראשי רשויות הודיעו מיד על התנגדותם.
ז. כלומר את הצד של ההתחייבויות (הענקת מעמד) ישראל הייתה נותנת, ואילו הצד של התמורה (עזיבה לאירופה, פיזור) היה כתוב על הקרח.
בקיצור - BAD DEAL.
---
מה קרה מאז?
מאז 2018 יצאו מישראל כ-15,041 מסתננים בוגרים ועוד אלפי ילדים.
כלומר מבחינה מפת העזיבה -עברנו את מספרי העזיבה של המתווה בלי להעניק מעמד או לאפשר איחודי משפחות שייבאו רבים נוספים.
והעזיבה ממשיכה בקצב של כ2,500-2,700 בשנה.
כל שנה.
בקיצור - הנסיגה ממתווה האו""ם הייתה החלטה נבונה וציונית.
---
לסיום צריך לומר את המובן מאליו: נכון, ממשלות ישראל התנהלו ברשלנות רבתי בנושא ההגירה (פרסמתי מחקר מקיף רק על כשלי הביצוע בנושא זה).
אך מערכת המשפט התערבה במדיניות ההגירה אולי יותר מאשר בכל תחום אחר.
המעורבות הזו הייתה הרסנית, חריגה בעוצמתה ומופרכת ומופקרת בערכים שהיא שיקפה.
כל זה תוך הפרה חמורה של שלטון החוק והזכויות הפוליטיות של האזרחים.
אין סמכות בלי אחריות.
חייבים לתקן."
ptr_dvd,1693572808,24938,594,54,53,"זה הטיעון של כל מי שסולד מדמוקרטיה מאז ומעולם.
זו גישה עם היסטוריה עשירה ועומק רעיוני, רק למה לקרוא לעצמם דמוקרטים? https://t.co/sCoMI7ocJM"
ptr_dvd,1693513262,3617,117,8,17,2 נק' חשובות בעיני מתוך המהדורה המרכזית של @Now14Israel הערב. https://t.co/SGuFzXSuUS
ptr_dvd,1693480404,4299,141,6,21,"כמה מילים על קבר יוסף
***
במסגרת הסכם אוסלו ב' מספט' 1995 (ראו תמונה מנאומו של רה""מ רבין ז""ל) - נקבעו הסדרים ביחס לקבר יוסף:
""ההוראות הבאות יחולו ביחס להסדרי הביטחון באתרים הקדושים ליהודים באיזור A... (בנספח מופיע קבר יוסף).
א. בעוד שההגנה על אתרים אלו, כמו גם על המבקרים בהם, תהיה באחריותה של המשטרה הפלסטינית, תפעל ינ""מ (יחידות ניידות משותפות - פנטזיה על שיטור משותף) בקרבת כל אתר כזה ובנתיבי הגישה אליו, הכל כפי שיורה המת""מ הרלוונטי (משרד תיאום מחוזי משותף. שימו לב איך הכול משותף, אופטימי, חמוד, תקווה)
ב. תפקידי כל ינ""מ כזו יהיו כדלקמן:
(1) להבטיח גישה חופשית, בטוחה וללא הפרעה לאתר...
(2) להבטיח שימוש שקט באתר כזה, למנוע כל אפשרות להפרות סדר ולהגיב לכל תקרית.
ג) בהתחשב באופי היהודי הדתי של אתרים אלו, יהיו שומרים ישראלים בבגדים אזרחיים רשאים להיות נוכחים בתוך אתרים כאלו.
...(2) המצב הנוכחי והנהגים הדתיים הקיימים יישמרו"".
---
אפרופו התיאום האוטופי שמתואר לעיל - מדחת יוסף הי""ד נורה ע""י צלף ערבי ביום 1.10.2000 בשעה 15:00.
עקב ההחלטה [הבעייתית מאוד כידוע] להמתין למימוש התיאום מול הביטחון המסכל הפלסטיני, בפיקוד ג'יבריל רג'וב, מדחת חולץ, הרוג, רק בשעה 21:30 לערך.
במהלך אותן מהומות 2000 האתר הוקף בידי פורעים ערבים, ביניהם קציני משטרה פלסטינים שלקחו חלק לפני כן בסיורים המשותפים במסגרת הסכמי אוסלו.
לפני נסיגת צה""ל מהאתר הפלסטינים הבטיחו לשמור על המקום.  ומיד עם עזיבת צה""ל, כצפוי, האתר הוצת ונהרס, בין היתר בידי אותם שוטרים פלסטינים.
האתר הוצת ונהרס שוב ושוב לאורך השנים ופסולת הושלכה פנימה באופן תדיר.
פיגועי ירי חוזרים ונשנים וגם הרוגים כמו בן יוסף לבנת הי""ד.
---
ישראלים רבים נוטים לא להבין את החשיבות של קבר יוסף. הם עסוקים בנק' מבטו של הפרט הישראלי-חילוני.
מבחינת הפלסטינים קבר יוסף הוא אתר יהודי לאומי.
וביחסם אליו ניתן לראות מה הם יעשו לארץ כולה אם רק יתאפשר להם.
עם הסכם או בלעדיו.
הפלסטינים לא מתעניינים בשיח הפנים יהודי על קברים בעד ונגד.
קבר יוסף הוא נייר הלקמוס שמעיד על כוונות הפלסטינים ועל העיוורון היהודי ביחס לסיטואציה כולה.
ואותי הרבה יותר מדאיג העיוורון היהודי מאשר האש הערבית."
ptr_dvd,1693331494,13001,329,10,21,"תראו את תגובתו של פרופ' אורבך, היסטוריון שספריו על מלחמת העולם ה-2 זכו להערכה בינ""ל (אגב הוא נוהג לתקוף בצורה מאוד בוטה אנשי קהלת).
אורבך מתקן את פרסיקו ואומר שהוא טועה.
תגובתו: ""זה כמובן לא הסיפור"".
איך מתמודדים עם זה?
אין אמת אין עובדות אין כלום?
עלמא דשיקרא. https://t.co/SOv1fnPtvl"
ptr_dvd,1693312520,9983,261,28,13,"מה? מתי נתניהו הוריש את השלטון למישהו?
בדיוק להפך, הוא דואג לקצור את הדשא.
ובכלל - חולדאי וזמיר מתמודדים כמוה.
מה ברביבאי רוצה?
יש עדיין משמעות למילים?
---
אגב בעיני זה שנתניהו לא מכשיר אנשים סביבו למדינאות ברמות הגבוהות זו אולי תבונה פוליטית אבל זה לא המעשה הנכון מבחינה לאומית. https://t.co/0aZV6SXiKm"
ptr_dvd,1693285223,7623,205,15,3,"@TomerPersico @GadiTaub1 הו תומר תומר, מה יהיה?
מוזמן לקרוא את הספר המצ""ב שמתאר בפירוט את הפרוצדורה ואיך גרינג הוריד את דרישת הקוורום 2/3 ויצר פגם חוקי מה שיחד עם הטרור האימתני הוביל אנשים להצביע.
הצבעות חופשיות הן תנאי לחוקיות. https://t.co/bQ1vOI5jFq"
ptr_dvd,1693242840,1653,9,1,1,"אוטו דיקס (1891-1969).
צייר מרתק שלכד את אווירת רפובליקת ויימאר. https://t.co/L2MLN6naOb"
ptr_dvd,1693211823,61002,1229,139,119,"אגב זה לא נכון.
חוק ההסמכה עבר ברייכסטאג תוך טרור אימתני של איומים ומעצרים - מה שהוביל להיעדרותם של הקומוניסטים מהמליאה.
במקביל גרינג (אז ראש הרייכסטאג) למעשה הפר את דרישת ההשתתפות של 2/3 מחברי הבית והתייחס למליאה כאילו הקומוניסטים נמצאים.
לא כל אוחז שלט יודע על מה הוא מדבר. https://t.co/aI15vDOK83"
ptr_dvd,1693203502,2566,22,5,0,מעניין https://t.co/xP0gciR1Wq
ptr_dvd,1693165773,2664,30,6,1,"מגדל אוואלה.
בלגרד. https://t.co/pneMYUjywV"
ptr_dvd,1693151450,29980,1143,35,217,"עמדת המדינה בתיק 4000 היא שלא היה שימוש בפגסוס כנגד אף אחד מהמעורבים מלבד פילבר ושהמידע מפילבר לא הועבר כ""חומר חקירה"" לחוקרים והוא לא חלק מהתיק.
אז איך לעזאזל צץ הספין שמטרת הוועדה היא שיבוש מהלכי משפט של תיק נתניהו? הרי אין בתיק חומר בר פסילה.
אל תפקירו את התודעה שלכם.
בבקשה. https://t.co/Exf6mLO2C8"
ptr_dvd,1693133801,6293,313,18,16,ועדת בדיקה להפרות חוק שיטתיות של גורמי אכיפת החוק זה שיבוש מהלכי משפט https://t.co/ymlzGGi75I
ptr_dvd,1693119778,13935,367,17,58,"לפעמים אני נדהם מחוסר המודעות של האנשים מהסוג הזה.
הם בוחרים את הדוגמאות הללו בכוונה?
התימנים שהגיעו למושבה כנרת סביב 1912 סבלו הצקות קשות מאוד מאנשי המושבה.
והצקות זו מילה נעימה יחסית לפגיעה במי השתייה, פגיעה בגידולים, איסור לקבור את מתיהם בבית הקברות, הצתות, התנכלויות, השפלות ופניות חוזרות ונשנות להסתדרות מתי כבר מבצעים פינוי של כל התימנים מהמקום.
לבסוף ב1930 התימנים אכן גורשו מהמושבה.
במושבה סירבו במשך שנים להציב שלט קטן ומסכן שיזכיר את תימני כנרת.
עד היום מה שהם איפשרו זה רק שלט על תחנת השאיבה שמזכיר בלאקוניות כבדרך אגב שהיו שם תימנים. זה הכל.
סיפור מושתק.
ודווקא את זה המגיב הזה בחר כדוגמה.
מדהים בעיני."
ptr_dvd,1693079241,770,45,2,1,"@roznaiy @ShimonNataf אני מבין שהיית מעדיף ציטוט של אוריאל לין, אז בבקשה: https://t.co/5n2d8Bdb7N"
ptr_dvd,1693073217,3888,59,4,0,אני רוצה כזה בבקשה https://t.co/XJBw2XWmBE
ptr_dvd,1692910690,1426,121,2,0,@roznaiy @AmirCooper @roni_eitan אקרא בהזדמנות. בינתיים אשיב לך בהמלצה לרשומה של אקדמאי ישראלי מצליח ופורה בשם רוזנאי: https://t.co/enBd4oblXW
ptr_dvd,1692867014,4803,302,11,40,"ד""ר בן שמש: https://t.co/lHY7mXU0D7"
ptr_dvd,1692863309,36228,1095,121,90,"לא הבנתי, ערוץ 14 תוקף את הצבא ואת מוסדות המדינה או שהוא תעמולה פשיסטית?
ולמה ""עיתונאית"" שמחה לאיד על פגיעה בקולגות שלה רק משום שיש להם עמדות אחרות?
יש עדיין משמעות למילים? https://t.co/kpHKNlqyPF"
ptr_dvd,1692811625,3779,98,10,8,"דיווחים על כך שאוטקין חובב הנאצים והמפקד המבצעי של כוח ואגנר היה על המטוס שהופל.
שימו לב לקעקועים שנשא.
דיי מדהים שהתעמולה הרוסית פימפמה לא מעט שהמטרה היא דה-נאציפיקציה של קייב.
באופן כללי אין שום גבול של מופרכות או שקר שתעמולה לא תצליח לחצות בקלות רבה כל עוד התקשורת משתפת פעולה. https://t.co/tykHDWD9B8"
ptr_dvd,1692795720,13224,268,26,40,"מה?
🧐
---
[מתוך עתירת הארגון הבינ""ל של עו""ד ומשפטנים יהודים. או בעברית מדוברת: המשנה ליועמ""ש לשעבר שיינדורף מייצג ארגון שנשיאתו היא הקולגה שלו לשעבר מהפרקליטות]. https://t.co/34bdMZk769"
ptr_dvd,1692791539,4948,315,11,39,תרגום לעברית: המערכת רוצה לוודא שהרכב הוועדה ייקבע בידי הנשיאה חיות. https://t.co/rNkdGXPFmF
ptr_dvd,1692620895,198,0,1,0,"@yossef_sofer @GilBitan יש כמה דגמים. סדר גודל של 30k.
יש דגם יפיפה ב42k$. https://t.co/xh42Qz3xSs"
ptr_dvd,1692611592,1555,16,3,0,@GilBitan שעון כיס של פטק-פיליפ https://t.co/80zwCzMaqt
ptr_dvd,1692515363,3399,54,5,5,"חביבה עלי הערת השוליים הראשונה ב""שדים"" של דוסטויבסקי. https://t.co/HRkQly2vdX"
ptr_dvd,1692465000,20085,588,40,90,"האלטרנטיבה לשלטון העם היא שלטונו של מישהו.
חוזרים ליסודות.
שבוע טוב. https://t.co/UmV0qpalef"
ptr_dvd,1692335289,2936,36,12,1,מהפנטת https://t.co/l8QegsDM9q
ptr_dvd,1692274408,2314,55,3,4,הצעת הגשה https://t.co/D34se7UzFW
ptr_dvd,1692198123,18361,223,14,21,"נקודה חשובה בעיני שעלתה בשולי כנס נהדר של @LawLibertyForum באוני' בר-אילן לפני כחודשיים.
לצדי, אגב, עו""ד יהודה רסלר המפורסם שאחראי בעתירותיו לחצי מהסילבוס במשפט חוקתי. https://t.co/D58qROxktO"
ptr_dvd,1692079440,994,35,3,0,@TomerNaor היוש https://t.co/lyzaIw32bw
ptr_dvd,1692076284,15128,515,82,58,"ממשלה: אולי אדוני רב האלוף יכול בבקשה ברוב חסדו לא לשתף פעולה עם מרד הכוחות המזויינים?
לא ביקשנו לדכא אותו, לא לא, ממש לא העלנו בראשנו הטיפשון דבר שכזה, רק לא לשתף פעולה זה הכל. האם זה מן האפשר?
התקשורת: https://t.co/EWLReFXVwy"
ptr_dvd,1691991257,3658,125,9,2,זה הכל אותו דבר https://t.co/kQTSH54YDQ
ptr_dvd,1691943110,5224,91,18,1,"היציאה מבית החולים.
חיפה. https://t.co/aqTkZrUJTl"
ptr_dvd,1691867677,36093,906,103,97,"מתוך 33 שרים רק 3 לא נולדו בישראל.
רון דרמר - ארה""ב.
חיים כץ - גרמניה.
יעקב מרגי - מרוקו.
---
אבל כולנו הרי מבינים מה עמירם לוין מנסה לומר.
יש סוג, זן, מין של אנשים שאי אפשר להכיל את זה שהם לוקחים חלק במשחק הדמוקרטי ""הפורמלי"" ולכן חייבים דמוקרטיה ""מהותית"" כדי למחוק אותם. https://t.co/YU0EUz4Rbl"
ptr_dvd,1691866032,11033,537,84,33,הסיפור הכי עצוב של התקופה הזו זה נירמול השנאה https://t.co/UCi2iRdU3E
ptr_dvd,1691762624,18822,849,42,130,"בשבת יחול יום פטירתה של מו""ר רות אסתר בת רג'ינה לבית גביזון ז""ל.
כמה שהקול שלה חסר. https://t.co/MNlS9iJlYV"
ptr_dvd,1691694391,5053,63,4,2,אבל למה הוא נכנס לי לחדר המיטות? https://t.co/iDIW38gpCc
ptr_dvd,1691689312,18955,570,53,70,"2023: אסור לעצור אוטובוסים בדרך להפגנה.
2005: מותר לעצור אוטובוסים בדרך להפגנה. https://t.co/CuAPeFg9xG"
ptr_dvd,1691652368,2550,40,2,1,יפה מאוד https://t.co/ITNuVvobIV
ptr_dvd,1691592160,17017,557,54,78,רק מזכיר לכם כמה נלחמו כאן נגד מתווה הגז https://t.co/tTf117F66Y
ptr_dvd,1691586788,3505,59,5,2,איזה קטע זה יכול להיות אם יתברר שזה הקבלן של בניין כלל https://t.co/OmXwYZN3zd
ptr_dvd,1691525990,1941,29,2,0,הר המנוחות. https://t.co/CJZJV4kbT4
ptr_dvd,1691516586,13009,356,25,47,"תמונה חמודה של בן-גוריון.
ניזכר בדבריו:
""אנחנו בחרנו בממשלה פרלמנטרית, העם קובע את החוקים ונציגי העם מבצעים אותם.
איני מניח כי אפשר למסור לבית המשפט שיקבע אם חוקים של הכנסת כשרים או אינם כשרים.
...אך אם עוד יחליטו שמיעוט יוכל לעכב קבלת חוקים – העם אצלנו לא יישא זאת"".
דוד בן-גוריון, 1949."
ptr_dvd,1691506518,11471,465,51,44,"מטרת על: להשלים משפט.
מטרת משנה: חירות פוליטית ותרבות דמוקרטית. https://t.co/c83gqjaPZk"
ptr_dvd,1695833368,14127,273,37,7,"סתם שאלה, למה השיח הזה מנורמל כאן?"
ptr_dvd,1695318925,1628,76,10,1,@roni_eitan לאן הולך בעצם כל הכסף הזה שיאיא מגייס כל כמה חודשים?
ptr_dvd,1695219083,3427,77,6,0,אנחנו בחיים בקרקס רק בלי לולייניות בטייץ שעפות בשמיים
ptr_dvd,1694148414,8282,395,19,38,"איך אוהבים להגיד בשמאל האמריקאי? 
Speak truth to power!"
ptr_dvd,1692198809,481,6,1,0,@russell_sl @LawLibertyForum שכחת את אליעד שרגא ודרעי
ptr_dvd,1693822250,5189,364,9,4,"@HauserTov לא הבנתי, זו ליצנות?"
SagiBarmak,1691670841,99785,631,164,37,"אני מבין שהמחאה נכנסה לשלב המקארתיזם. 

שאולי שארף הוא בחור מבריק. מרצה אצלנו בתכנית אקסודוס. הפסד ענק לתלמידים ובושה גדולה לבית הספר. https://t.co/moTETv2EXN"
SagiBarmak,1695204439,12026,225,19,7,"אחרי שניגבו את הרצפה עם טל רוסו, עכשיו מגיע תורו של בני גנץ לקבל טיפול דומה. בסוף, בישראל אין אופוזיציה פרלמנטרית אלא אוסף יוצא-דופן של בריונים, יאיא פינקים למיניהם ומילואימניקים בגיל פרישה שחושבים שיש להם זכויות יתר. שקיעתה של האופוזיציה המפלגתית."
SagiBarmak,1692091628,10649,91,51,2,"שלושה שינויים דמוקרטיים חשובים שניתן לגבש סביבם הסכמה רחבה בקלות יחסית:

1. הכנסת לא תפסול מפלגות על רקע תוכני-מהותי. במילים אחרות: חופש כניסה מוחלט לשוק הפוליטי. 

2. הורדת אחוז החסימה לשם הגדלת ייצוגיות הכנסת.

3. מתן הגנות חוקיות לזכויות האזרח הבאות: הזכות לבחור ולהיבחר, חופש…"
SagiBarmak,1696668284,9958,25,2,0,@smolan_with_s תשמרו על עצמכם
SagiBarmak,1695017876,6294,174,44,1,המטורללים האלה זוכים למכובדות ציבורית ותקשורתית ולחיבוק מהאופוזיציה. זמנים עצובים.
SagiBarmak,1694100866,30885,1406,254,3,"אבי האהוב הלך עתה לעולמו לאחר מאבק עיקש במחלת הסרטן, כשהוא לצד משפחתו. איבדתי אבא יוצא דופן שאין כדוגמתו. תנוח בשלום על משכבך אבא יקר. https://t.co/YbIeyh6RG3"
SagiBarmak,1696668200,6831,177,20,3,"@chaimlevinson תחשוב שבהערכת המצב ביום ראשון ישב הרמטכל, ראש השבכ והמזכיר הצבאי ואמרו כולם שחמאס מורתע ושיש להימנע מפרובוקציות. האחריות בהחלט מוטלת על הממשלה- ועוד נבוא איתה בחשבון. אבל הטנטרום שלך ושל אחרים הוא חרפה מדהימה."
SagiBarmak,1696668706,691,7,1,0,"@omerdank @chaimlevinson תשאל את ירון אברהם
https://t.co/aXAShQnmXp"
SagiBarmak,1691680931,51980,601,107,69,"רון דיסנטיס, מושל פלורידה, פיטר היום את פרקליטת המדינה. הסיבה? החלטות שאינן עולות בקנה אחד עם המדיניות שהוא מתעקש להתוות כמושל: יד קשה כלפי פושעים. מסתבר שחוקת פלורידה לא שמעה על דוקטרינת ""שומרי הסף"". שימו לב ללשון החוקה בציוץ העוקב 👇 https://t.co/LOJH2arWQs"
SagiBarmak,1696669286,10675,94,60,0,@BenCaspit המתנחלים אשמים. כמובן.
SagiBarmak,1696325007,5413,77,2,2,@ElishaYered @arnonsegal1 @nirhasson למה רק לירוק? אולי נכה אותם? נגרש אותם מהארץ? נשעבד אותם? לא מתאים לך לגלות כזו חלביות. אולי זה בהשפעת התרבות המערבית...
SagiBarmak,1693571438,13530,282,38,21,"אני בטוח ש- @kobisudri מכיר את הקביעה ""אין מיסוי ללא ייצוג"". אז הנה עוד קביעה שרצוי להכיר: ""אין ייצוג ללא בחירה"". אם הגברת מיארה רוצה ""לייצג את הציבור"" ולא את הלקוח שלה (הממשלה), היא צריכה לקבל לשם כך את הסכמת הציבור. היא מוזמנת להציב את עצמה לבחירה ולהפוך לנציגת ציבור. https://t.co/CJK5GgMQmQ"
SagiBarmak,1695641304,46292,507,249,37,"מעדכוני יום הכיפורים בתורת המדינה: ליברליזם זה כשאתה מחבל, משפיל, מקלל ומקטין יהודים אחרים שמבקשים - מרצונם החופשי ומבלי שפגעו בחיים, ברכוש או בחופש של אף אדם אחר- לקיים תפילה עם מחיצה בפרהסיה."
SagiBarmak,1692453013,271,2,0,0,@DanielKaner2 מביך
SagiBarmak,1692452151,1614,110,2,2,"@kobisudri @bokeralmog @newsisrael13 התכוונת למבוא ליוריסטוקרטיה.  בספר הלימוד היוריסטוקרטי, בית המשפט העליון הוא האופוטרופוס של הכנסת שמבקר לא רק את חוקיה הרגילים אלא את חוקי היסוד עצמם וזאת ללא קיומה של אף סמכות שהעם העניק לו."
SagiBarmak,1692452212,2627,55,4,3,מבוא ליוריסטוקרטיה.
SagiBarmak,1695037818,30305,662,117,44,"אין פרה קדושה אחת שהמחאה הזו לא שחטה. אקדמיה, רפואה ציבורית, עבודה מאורגנת, צה""ל, תקשורת, יחסים בינלאומיים, מורשת בן-גוריון, מגילת העצמאות- תחום אחר תחום עבר פוליטיזציה בדורסנות מבהילה. סילופים, שקרים, נרטבים כוזבים וחשיבות עצמית מופרזת. מקווה שנתאושש מזה כחברה."
SagiBarmak,1695102564,5192,145,16,18,"מאמר מערכת מחמיא מאוד לנתניהו ומעניין מאוד הבוקר באופן כללי ב-WSJ.  המאמר, שהולם את ההתבטאויות של נתניהו, מסמן למעשה את קו הסיום של האפיזודה כולה- שינוי בועדה לבחירת שופטים שימסד שוויון בין קואליציה לאופוזיציה. בלי שופטים. בלי נציגי לשכה. זו פסקת המפתח במאמר 👇 https://t.co/fvqPQE6GZl"
SagiBarmak,1695102738,769,18,1,1,כותרת המאמר: https://t.co/KdQM3MG4m6
SagiBarmak,1695115271,276,5,2,2,@ShelleyWallach https://t.co/oAOMaidqar
SagiBarmak,1691610112,2546,191,7,5,"@Nadav_Eyal זה *לא* הסבר ממצה. למעשה, זה כלל לא הסבר. יניב יכול לטעון שלבית המשפט ""סמכות אינהרנטית"" עד מחר- על זה בדיוק הויכוח. מאיפה הסמכות הזו צצה? מי העניק אותה? למה יש לה תוקף? איך היא עולה בקנה אחד עם עקרונות הדמוקרטיה? כאמור, אין כאן אפילו התחלה של הסבר."
SagiBarmak,1696660877,18509,339,21,16,בהחלט. זה מסתמן כמו אירוע שמצדיק ועדת חקירה ממלכתית לצד השבה של המנדט לציבור. הייתי דורש את זה אם המחדל היה מתרחש תחת ממשלת שמאל. צריך לדרוש את זה גם כשהאירוע יסתיים.
SagiBarmak,1695280436,427,16,1,0,@anat_kamm https://t.co/zGH3lPOrw7
SagiBarmak,1692725447,7016,179,15,12,"לא היינו משלימים עם הפקרות שכזו בתל-אביב, חיפה או אשדוד. באופן דומה אנחנו לא צריכים להשלים עם אנרכיה בסכנין, אבו-סנאן או טירה. ילד ערבי זכאי לביטחון בדיוק כמו ילד יהודי. אזלת היד של הממשלה בנושא הפשיעה היא מחדל מטורף."
SagiBarmak,1695790316,12607,463,24,12,מעניין איך בוחרים שופטים בממלכה הדמוקרטית של סעודיה. https://t.co/IJZCCoY8vm
SagiBarmak,1696664292,8610,65,7,12,מטורף לגמרי שאלה הדברים שנאמרו בהערכת המצב. שידוד מערכות- צו השעה. https://t.co/ru9ucmC1GL
SagiBarmak,1696493210,3258,41,18,2,"הגיע הזמן לחשוב על הרפורמות שלאחר הרפורמה. חשובים ככל שיהיו, שינויים נחוצים במערכת המשפט אינם ממצים את כל השינויים שיש לקדם בשיטת המשטר שלנו. במאמר המצורף ב- @MakorRishon אני מצביע על מספר צעדים שהממשלה יכולה להניע שיטיבו עם הדמוקרטיה שלנו. https://t.co/73N6JBOmEl"
SagiBarmak,1695726081,2573,91,6,7,תארו לכם שהמדינה תנסה לפתור את משבר הדיור באמצעות חלוקת דירות בהגרלות. דמיינו לכם שהמדינה תנסה לפתור את הסכסוך על ידי חלוקת נשק לכנופיית מרצחים והחזרה חד-צדדית של שטחים. חייבים את עילת הסבירות! https://t.co/tomi3fkLfD
SagiBarmak,1695329521,200,3,1,0,@DuduLagziel אבל זו בדיוק הנקודה. אנחנו מוותרים על מנגנון עדכון יעיל למדי (מנגנון מחירים חופשי) לטובת מנגנון קיבוצי יעיל פחות. תעדכן באופן הזה את שכר המוסכניקים והאופים ותקבל את אותה תוצאה. זה בדיוק מה שטענתי בציוץ. https://t.co/fuvkIFYL4w
SagiBarmak,1695277023,2361,55,7,4,"הרפורמה המשפטית מגיעה ל-Reason, האתר הליברטריאני המוביל בארה""ב. טור מצויין של דיוויד ברנשטיין. https://t.co/ktMqnG9faT"
SagiBarmak,1695104127,7829,191,17,13,"שימו לב לפסקה שהדגשתי במכתבו של נשיא אוניברסיטת תל-אביב. במקרה הטוב, טענתו של פורת שנויה במחלוקת. במקרה הפחות טוב (מבחינתו), טענתו שגוייה לגמרי. בדמוקרטיות פרלמנטריות, המילה האחרונה בכל הסוגיות החוקיות והחוקתיות שמורה לפרלמנט. הפרלמנט עליון. עליונות הכנסת. בית המשפט שואב את כוחו וסמכותו מן החוק. חוק שהוא יציר ידו של המחוקק. הוא לא יכול להציב את עצמו מעל החוק במעשה פרשנות והוא אינו יכול ליצור לעצמו סמכות יש מאין. הוא תחום בגבולות הדין. למעשה, המדינות היחידות שמאפשרות לבית המשפט לשמש כפרשן הסופי והמוסמך של ההסדרים החוקתיים הן גם אלה שהכפיפו את בחירת השופטים להליך פוליטי- משהו שפורת וחבריו מסרבים בתוקף לעשות. כך או אחרת, מה לכל הרוחות מוביל את נשיא האוניברסיטה לצאת בקביעה כה נחרצת וכה רעועה? אני מקווה מאוד שכל תלמיד שנה א' למשפטים יוכל להעמיד את הנשיא הנכבד על טעותו."
SagiBarmak,1695104123,2639,67,4,4,"שימו לב לפסקה שהדגשתי במכתבו של נשיא אוניברסיטת תל-אביב. במקרה הטוב, טענתו של פורת שנויה במחלוקת. במקרה הפחות טוב (מבחינתו), טענתו שגוייה לגמרי. בדמוקרטיות פרלמנטריות, המילה האחרונה בכל הסוגיות החוקיות והחוקתיות שמורה לפרלמנט. הפרלמנט עליון. עליונות הכנסת. בית המשפט שואב את כוחו וסמכותו מן החוק. חוק שהוא יציר ידו של המחוקק. הוא לא יכול להציב את עצמו מעל החוק במעשה פרשנות והוא אינו יכול ליצור לעצמו סמכות יש מאין. הוא תחום בגבולות הדין. למעשה, המדינות היחידות שמאפשרות לבית המשפט לשמש כפרשן הסופי והמוסמך של ההסדרים החוקתיים הן גם אלה שהכפיפו את בחירת השופטים להליך פוליטי- משהו שפורת וחבריו מסרבים בתוקף לעשות. כך או אחרת, מה לכל הרוחות מוביל את נשיא האוניברסיטה לצאת בקביעה כה נחרצת וכה רעועה? אני מקווה מאוד שכל תלמיד שנה א' למשפטים יוכל להעמיד את הנשיא הנכבד על טעותו."
SagiBarmak,1694963584,2457,85,10,5,"אגב ליברליזם, ההגבלות השרירותיות הללו על יהודים לא יכולות לעלות בקנה אחד עם אף תפיסה חירותנית. הסיבה היחידה שההסדר הזה מתקיים הוא שאלימות ערבית מרתיעה אותנו. https://t.co/UHxEfU4q6e"
SagiBarmak,1694788648,658,32,3,2,"@roznaiy @Haaretz אין חוק, יש ""עקרונות וערכים"" (שיצחק זמיר ודומיו אמונים כמובן על פירושם). יש ""טענות חזקות"", בז'ורנלים אקדמיים (שבהם יצחק זמיר ודומיו מצטטים האחד את השני). הכל יש, חוץ מהסכמה והסמכה דמוקרטית מפורשת שניתנה על ידי הציבור. על זה נאמר- והעם היכן? https://t.co/XnUBIZoGDC"
SagiBarmak,1693940347,2140,88,4,10,רון שפירא. חד כתער. https://t.co/YjzYoizYew
SagiBarmak,1693858469,2200,66,3,2,"""פורום המרצים למען דמוקרטיה"" פרסם מסמך שבו - בין השאר - הוא מבקש לחשוף שתומכי הרפורמה מנכסים לעצמם מושגים במדע המדינה שכמובן רק לחברי הפאנל היוריסטוקרטי יש עליהם מונופול. מה אני לומד מהמסמך? ובכן לא רק את זה שחברי הפורום עדיין לא מבינים שהרשות השופטת היא רשות שלטונית לכל דבר ועניין וככזו גם היא זקוקה לבלם ואיזון. אני לומד גם שהם הכפיפו את כל עולם המושגים של תורת המדינה לחזון היוריסטוקרטי שלהם. טקסט שכזה היה נתקל בתדהמה על ידי גדולי החוקרים בתחום לפני עשורים לא רבים."
SagiBarmak,1693764598,17827,381,19,40,"אני לא מכיר את פרטי סערת דני דיין ויד שם ולא רוצה להתייחס לסיפור. אבל בכל הנוגע להתערבות של הממשל האמריקאי בסוגייה- לא ברור איך הדבר הזה עבר מבלי שאנשים חשו במבוכה או לפחות התפוצצו מצחוק. שתבינו, כשביידן עלה לשלטון הוא פצח בטיהור שיטתי של מינויים קודמים. מהאקדמיה הצבאית ועד לספרית הקונגרס, כל מינוי של טראמפ נדרש להתפטר מתפקידו. זו התרבות הפוליטית האמריקאית וצריך הרבה חוצפה מצד הממשל להעיר לבעלת ברית בסוגיה."
SagiBarmak,1693733893,13651,353,31,20,מגיעים לקמפוס אנשים שאני לא מסכימה איתם- בואו נסתום להם את הפה ונפוצץ את האירוע. המנטליות הבולשביקית אינה מפתיעה. מה שמשעשע זה חוסר ההיכרות עם הניאוקונס. היא אשכרה חושבת שהחבר'ה שלקחו חלק פעיל בהבסת אימפרית הרשע תחת רייגן מתרגשים מזמבורות. https://t.co/nw0kw5ZnmM
SagiBarmak,1693594046,681,36,0,5,ושימו לב לנבואה הבאה של גביזון שכמובן התגשמה במלואה: https://t.co/ygaXqJfrqE
SagiBarmak,1693593887,1517,52,5,4,"רות גביזון על הטענה לפיה הלקוח של היועץ המשפטי לממשלה הוא ""הציבור"": https://t.co/AIJH90oyU1"
SagiBarmak,1693582045,1772,9,1,0,"@Nadav_Eyal מדוייק. הוא מנהל דיון עם ""טיעוניו שלו"" ועם שופטים אחרים. והעם, היכן הוא? מתוך מאמר הביקורת שלי על מאמרו של ברק: 
https://t.co/uSxmRbQ0Zo https://t.co/sWbofZIhnh"
SagiBarmak,1693551224,6931,270,9,27,צור ארליך 👇 https://t.co/NmjhMaVl1v
SagiBarmak,1693461565,518,29,4,3,מה שחשוב לי במיוחד להדגיש זה שניתן פשוט לקחת את הטיעון של ברק ולסובב אותו. ככה זה יוצא במקרה שכזה: https://t.co/xQgeJdD2nB
SagiBarmak,1693461562,3084,169,9,18,ביקשו ממני לקרוא את מאמרו האחרון של אהרן ברק ולהתייחס אליו. זה מה שיצא 👇 https://t.co/9NQ3ccPqKo
SagiBarmak,1693415960,11875,418,17,30,תאיישו את בית המשפט באלרונים וסולברגים ותראו באיזו מהירות קוראים לביטולה של המהפכה החוקתית מעל דפי הארץ. https://t.co/YmPXb5Vll2
SagiBarmak,1693383609,2579,58,6,7,"בשנת 2015 קבע בית המשפט העליון בארצות הברית ברוב של 5:4 (כל 4 השופטים השמרנים שכיהנו באותה העת התנגדו) כי כל חוק ברמת המדינות שיגדיר נישואים כאיחוד בין גבר לאשה דינו להיפסל בשם התיקון ה-14 לחוקה. שימו לב לקטע הבא מתוך דעת המיעוט הזועמת של אנטונין סקאליה. הקטע הקצר הזה לוכד לדעתי במלואו את עיקרה של הביקורת השמרנית על בית המשפט לא רק בארצות הברית אלא בכלל ובפרט בישראל: טשטוש ההבחנה בין חקיקה למשפט, רמיסת הדמוקרטיה, בוז לתקדימים ולדין והיתלות בערכים נאורים שיש לכפות על הציבור, ועוד."
SagiBarmak,1693310143,3127,112,8,6,נבחרי הציבור מפריעים לפילוסופים של המשפט להגות את סדרי המשטר של מדינת ישראל. https://t.co/GVtg6cit5H
SagiBarmak,1693288629,595,11,1,3,@ShimonNataf https://t.co/MyiTCzYtM3
SagiBarmak,1693142854,1353,35,2,1,תקשיבו לעמרי👇 https://t.co/FRcxazR8Gd
SagiBarmak,1693077145,916,4,1,0,https://t.co/OVVJNbqGuO
SagiBarmak,1692967930,1876,44,3,3,"אמירה עקרונית של שופט בית המשפט העליון הבריטי, הלורד ג'ונתן סאמפשטיין, שלקחתי כמובנת מאליה ושאירועי השעה אצלנו גילו לי שהיא רחוקה מלהיות כזו. https://t.co/JFvxaezpTS"
SagiBarmak,1692901623,3017,73,8,3,"כשהתחיל הבאז סביב הרפורמה שאלתי חבר קרוב שסיים את לימודי המשפטים באוני' העברית האם במהלך לימודיו הוא נדרש לקרוא ברצינות את ג'רמי וולדרון. תשובתו היתה ""שהזכירו אותו בחטף באחד הקורסים"" ו""הסבירו לנו למה הוא טועה"". תכל'ס, הופתעתי לטובה. לפחות הזכירו אותו. https://t.co/sejFXqVRFq"
SagiBarmak,1692887786,1475,53,2,2,הפרטת מערכת החינוך. כמו בהונגריה. https://t.co/ZCh41Pdrdm
SagiBarmak,1692864925,2596,118,6,9,"*תלונות על הציבור שמגלה חוסר סובלנות למומחים*.

המומחים: https://t.co/aNOApqKkcP"
SagiBarmak,1692711528,2840,23,3,2,"אחרי שורה של נזיפות וציפיות, פרק חדש של מסיבת התה. הפעם דיברנו על שטראוס והגבלים עסקיים, רפורמת התקשורת, האם להפעיל את הרכבת בשבת ועל רדיפת התורמים של פורום קהלת. מוזמנים לצפות/להאזין וכמובן- לשתף.
https://t.co/PUv2uIsv3M"
SagiBarmak,1692626747,3458,91,16,10,בן-גוריון על המחשבה שבית המשפט העליון יפסול חוקים: https://t.co/4vBpV9nANu
SagiBarmak,1692618877,884,16,1,0,"@Idaneretz מה זה ""אבסולוטיזם דמוקרטי""? זה בן-גוריון מאותו הנאום: https://t.co/a1fyZALXsO"
SagiBarmak,1692617857,21349,39,9,5,"בן-גוריון, פברואר 1950. https://t.co/BxgHmwy1EG"
SagiBarmak,1692561855,1109,15,0,1,קטע מצויין של ג׳רמי וולדרון על השיח האקדמי והציבורי סביב ״עריצות הרוב״. רלוונטי כמובן במיוחד גם למקרה הישראלי. https://t.co/JMpHL53HjS
SagiBarmak,1692510264,2824,137,4,12,הבוקר במידה. https://t.co/W5HMARgbC3
SagiBarmak,1692371119,1681,27,4,2,"""אני בעסק של לאכוף דמוקרטיה"". דקה וחצי נוספות של סקאליה. ככה בדיוק נשמע ליברליזם-דמוקרטי.
https://t.co/DSXrh4IhHk"
SagiBarmak,1692295694,3388,74,6,9,"קחו שתי דקות וצפו בשופט אנטונין סקאליה. רק תחליפו בדבריו את ""חוק הטבע"" ב""עקרונות היסוד של השיטה"" ואת הרווארד בפקולטה למשפטים באוניברסיטה העברית.
https://t.co/43M8oynSaE"
SagiBarmak,1692257821,1660,60,3,5,"ציפי לבני, שבתקופתה כשרת המשפטים בית המשפט העליון הגיע ככל הנראה לשיא השתוללותו, מחלקת עצות בתקשורת. נו נו. https://t.co/LsVV6sVktO"
SagiBarmak,1692121271,5344,105,15,2,התו הליברלי שלי: https://t.co/GA1qPFdzKy
SagiBarmak,1692090863,822,41,1,0,@shai_pct2019 בסרטון המדובר עולות שלל שאלות שמעסיקות את הציבוריות הישראלית ושבהן אנחנו דנים בתכניות שלנו. התשובה שאנחנו מעניקים לשאלה הזו היא חיובית. גם לשאלה הזו: https://t.co/lq2wu3vVRa
SagiBarmak,1692035708,4032,184,18,16,"""דיאלוג בין הצמרת הפוליטית והטייסים"". שקיעתה של כנסת ישראל. כל דאלים גבר. https://t.co/W2Mw8W6AkS"
SagiBarmak,1692034399,115,1,1,0,@san_muly נגד מה נראה לך שהוא מוחה בשורות האלה? https://t.co/TNOXGRTRXz
SagiBarmak,1692016779,2155,59,4,3,"גליון 34 של כתב עת השילוח עושה את דרכו למנויים ברגעים אלה. בגליון תוכלו למצוא, בין השאר, את מאמר הביקורת המקיף שלי על מה שהפך לספרון הכיס של המחאה- ""רודנות בחסות החוק"" מאת קים ליין שפלי. בהמשך, המאמר יעלה לרשת לטובת הקהל הרחב. https://t.co/wWmJKgXJnc"
SagiBarmak,1691871604,163,1,1,0,"@omerdank @talelovits טוב נשמה. הכל בסדר. ד""ש מהמכון הישראלי לדמוקרטיה. https://t.co/vpuDAYXUar"
SagiBarmak,1691865656,14811,410,29,20,"מתוייגת ככזו מתקופת שמיר, אבל מי סופר? https://t.co/3OVgMd7PQ1"
SagiBarmak,1691680933,2869,33,1,1,https://t.co/TPwuKn4Zi5
SagiBarmak,1691511019,4096,70,5,3,"הארץ, מאי 1951. נחמד. https://t.co/9N6rfIDF6b"
SagiBarmak,1693581630,5156,58,12,1,יש אנשים שנורא קשה להם לשלוט בדברים שיוצאים להם מהפה. ולחשוב לפני. נורא קשה לחשוב לפני שמצייצים. גם אין לזה תרופה. רק הענשה בקלפי.
